"No.","Leftover Capture Data","Data","Length","Source Port","Destination Port","Time","Source","Destination","Protocol","Info"
"1","","","94","40015","54321","0.000000","10.240.0.12","10.240.0.3","NBD",""
"26","","","94","40085","54321","25.850246","10.240.0.12","10.240.0.3","NBD","Read Request  Offset:0x0 Length:1024"
"27","","","94","40085","54321","25.850265","10.240.0.12","10.240.0.3","NBD","Read Request  Offset:0x400 Length:1024"
"28","","","94","40085","54321","25.850268","10.240.0.12","10.240.0.3","NBD","Read Request  Offset:0x800 Length:1024"
"29","","","94","40085","54321","25.850270","10.240.0.12","10.240.0.3","NBD","Read Request  Offset:0xc00 Length:1024"
"31","","000000000000000000000000000000000000000000000000...","1090","54321","40085","25.850357","10.240.0.3","10.240.0.12","NBD","Read Response  Error:0"
"33","","000000000000000000000000000000000000000000000000...","1090","54321","40085","25.850381","10.240.0.3","10.240.0.12","NBD","Read Response  Error:0"
"35","","000000000000000000000000000000000000000000000000...","1090","54321","40085","25.850394","10.240.0.3","10.240.0.12","NBD","Read Response  Error:0"
"37","","000000000000000000000000000000000000000000000000...","1090","54321","40085","25.850406","10.240.0.3","10.240.0.12","NBD","Read Response  Error:0"
"42","","","94","40085","54321","25.850889","10.240.0.12","10.240.0.3","NBD","Read Request  Offset:0x1000 Length:1024"
"43","","","94","40085","54321","25.850904","10.240.0.12","10.240.0.3","NBD","Read Request  Offset:0x1400 Length:1024"
"44","","","94","40085","54321","25.850907","10.240.0.12","10.240.0.3","NBD","Read Request  Offset:0x1800 Length:1024"
"45","","","94","40085","54321","25.850909","10.240.0.12","10.240.0.3","NBD","Read Request  Offset:0x1c00 Length:1024"
"47","","000000000000000000000000000000000000000000000000...","1090","54321","40085","25.850963","10.240.0.3","10.240.0.12","NBD","Read Response  Error:0"
"49","","000000000000000000000000000000000000000000000000...","1090","54321","40085","25.850981","10.240.0.3","10.240.0.12","NBD","Read Response  Error:0"
"51","","000000000000000000000000000000000000000000000000...","1090","54321","40085","25.850995","10.240.0.3","10.240.0.12","NBD","Read Response  Error:0"
"53","","000000000000000000000000000000000000000000000000...","1090","54321","40085","25.851009","10.240.0.3","10.240.0.12","NBD","Read Response  Error:0"
"58","","","94","40085","54321","25.851696","10.240.0.12","10.240.0.3","NBD","Read Request  Offset:0x3000 Length:1024"
"59","","","94","40085","54321","25.851715","10.240.0.12","10.240.0.3","NBD","Read Request  Offset:0x3400 Length:1024"
"60","","","94","40085","54321","25.851718","10.240.0.12","10.240.0.3","NBD","Read Request  Offset:0x3800 Length:1024"
"61","","","94","40085","54321","25.851720","10.240.0.12","10.240.0.3","NBD","Read Request  Offset:0x3c00 Length:1024"
"63","","000000000000000000000000000000000000000000000000...","1090","54321","40085","25.851783","10.240.0.3","10.240.0.12","NBD","Read Response  Error:0"
"65","","000000000000000000000000000000000000000000000000...","1090","54321","40085","25.851806","10.240.0.3","10.240.0.12","NBD","Read Response  Error:0"
"67","","000000000000000000000000000000000000000000000000...","1090","54321","40085","25.851817","10.240.0.3","10.240.0.12","NBD","Read Response  Error:0"
"69","","000000000000000000000000000000000000000000000000...","1090","54321","40085","25.851831","10.240.0.3","10.240.0.12","NBD","Read Response  Error:0"
"74","","","94","40085","54321","293.515232","10.240.0.12","10.240.0.3","NBD","Read Request  Offset:0x10000 Length:4096"
"76","","5feffb6a0000000000000000000000000000000000000000...","4162","54321","40085","293.515547","10.240.0.3","10.240.0.12","NBD","Read Response  Error:0"
"217","","000000000000000000000000000000000000000000000000...","1474","40085","54321","293.544306","10.240.0.12","10.240.0.3","NBD","Write Request  Offset:0x0 Length:131072"
"231","","","82","54321","40085","293.545753","10.240.0.3","10.240.0.12","NBD","Write Response  Error:0"
"351","","e9c91d450000000000000000000000000000000000000000...","1474","40085","54321","293.558467","10.240.0.12","10.240.0.3","NBD","Write Request  Offset:0x20000 Length:131072"
"365","","","82","54321","40085","293.560225","10.240.0.3","10.240.0.12","NBD","Write Response  Error:0"
"488","","000000000000000000000000000000000000000000000000...","1474","40085","54321","293.573085","10.240.0.12","10.240.0.3","NBD","Write Request  Offset:0x40000 Length:131072"
"496","","","82","54321","40085","293.574318","10.240.0.3","10.240.0.12","NBD","Write Response  Error:0"
"625","","000000000000000000000000000000000000000000000000...","1474","40085","54321","293.587706","10.240.0.12","10.240.0.3","NBD","Write Request  Offset:0x60000 Length:131072"
"633","","","82","54321","40085","293.588862","10.240.0.3","10.240.0.12","NBD","Write Response  Error:0"
"761","","000000000000000000000000000000000000000000000000...","1474","40085","54321","293.602357","10.240.0.12","10.240.0.3","NBD","Write Request  Offset:0x80000 Length:131072"
"767","","","82","54321","40085","293.602988","10.240.0.3","10.240.0.12","NBD","Write Response  Error:0"
"900","","000000000000000000000000000000000000000000000000...","1474","40085","54321","293.616949","10.240.0.12","10.240.0.3","NBD","Write Request  Offset:0xa0000 Length:131072"
"904","","","82","54321","40085","293.617444","10.240.0.3","10.240.0.12","NBD","Write Response  Error:0"
"1037","","000000000000000000000000000000000000000000000000...","2882","40085","54321","293.631807","10.240.0.12","10.240.0.3","NBD","Write Request  Offset:0xc0000 Length:131072"
"1043","","","82","54321","40085","293.632354","10.240.0.3","10.240.0.12","NBD","Write Response  Error:0"
"1176","","000000000000000000000000000000000000000000000000...","1474","40085","54321","293.646220","10.240.0.12","10.240.0.3","NBD","Write Request  Offset:0xe0000 Length:131072"
"1183","","","82","54321","40085","293.646885","10.240.0.3","10.240.0.12","NBD","Write Response  Error:0"
"1316","","000000000000000000000000000000000000000000000000...","1474","40085","54321","293.660816","10.240.0.12","10.240.0.3","NBD","Write Request  Offset:0x100000 Length:131072"
"1323","","","82","54321","40085","293.661499","10.240.0.3","10.240.0.12","NBD","Write Response  Error:0"
"1459","","","82","54321","40085","293.675781","10.240.0.3","10.240.0.12","NBD","Read Response  Error:0"
"4965","","","94","40085","54321","312.504852","10.240.0.12","10.240.0.3","NBD",""
"4967","","6744669800000000000d1ab10288ffff6744669800000000...","2882","54321","40085","312.505084","10.240.0.3","10.240.0.12","NBD","Read Response  Error:0"
"4975","","","94","40085","54321","312.532811","10.240.0.12","10.240.0.3","NBD","Read Request  Offset:0x0 Length:16384"
"4983","","000000000000000000000000000000000000000000000000...","2370","54321","40085","312.533255","10.240.0.3","10.240.0.12","NBD","Read Response  Error:0"
"4985","","","94","40085","54321","312.533694","10.240.0.12","10.240.0.3","NBD","Read Request  Offset:0x4000 Length:32768"
"4991","","","94","40085","54321","312.533857","10.240.0.12","10.240.0.3","NBD","Read Request  Offset:0xfffdf000 Length:4096"
"5003","","000000000000000000000000000000000000000000000000...","2882","54321","40085","312.534394","10.240.0.3","10.240.0.12","NBD","Read Response  Error:0"
"5004","","000000000000000000000000000000000000000000000000...","1746","54321","40085","312.534405","10.240.0.3","10.240.0.12","NBD","Read Response  Error:0"
"5007","","","94","40085","54321","312.534838","10.240.0.12","10.240.0.3","NBD","Read Request  Offset:0xfffe0000 Length:4096"
"5010","","000000000000000000000000000000000000000000000000...","1346","54321","40085","312.534919","10.240.0.3","10.240.0.12","NBD","Read Response  Error:0"
"5012","","","94","40085","54321","312.535205","10.240.0.12","10.240.0.3","NBD","Read Request  Offset:0xfffce000 Length:4096"
"5015","","000000000000000000000000000000000000000000000000...","1346","54321","40085","312.535301","10.240.0.3","10.240.0.12","NBD","Read Response  Error:0"
"5017","","","94","40085","54321","312.535722","10.240.0.12","10.240.0.3","NBD","Read Request  Offset:0xfffb6000 Length:4096"
"5020","","000000000000000000000000000000000000000000000000...","1346","54321","40085","312.535792","10.240.0.3","10.240.0.12","NBD","Read Response  Error:0"
"5022","","","94","40085","54321","312.536222","10.240.0.12","10.240.0.3","NBD","Read Request  Offset:0xfffab000 Length:4096"
"5025","","000000000000000000000000000000000000000000000000...","1346","54321","40085","312.536307","10.240.0.3","10.240.0.12","NBD","Read Response  Error:0"
"5027","","","94","40085","54321","312.536612","10.240.0.12","10.240.0.3","NBD","Read Request  Offset:0xfffa4000 Length:4096"
"5029","","000000000000000000000000000000000000000000000000...","4162","54321","40085","312.536673","10.240.0.3","10.240.0.12","NBD","Read Response  Error:0"
"5031","","","94","40085","54321","312.536975","10.240.0.12","10.240.0.3","NBD","Read Request  Offset:0xfff8e000 Length:4096"
"5033","","000000000000000000000000000000000000000000000000...","4162","54321","40085","312.537050","10.240.0.3","10.240.0.12","NBD","Read Response  Error:0"
"5035","","","94","40085","54321","312.537351","10.240.0.12","10.240.0.3","NBD","Read Request  Offset:0xfff86000 Length:4096"
"5037","","000000000000000000000000000000000000000000000000...","4162","54321","40085","312.537423","10.240.0.3","10.240.0.12","NBD","Read Response  Error:0"
"5039","","","94","40085","54321","312.537771","10.240.0.12","10.240.0.3","NBD","Read Request  Offset:0xfff84000 Length:4096"
"5041","","000000000000000000000000000000000000000000000000...","4162","54321","40085","312.537841","10.240.0.3","10.240.0.12","NBD","Read Response  Error:0"
"5043","","","94","40085","54321","312.538129","10.240.0.12","10.240.0.3","NBD","Read Request  Offset:0xfff89000 Length:4096"
"5045","","000000000000000000000000000000000000000000000000...","4162","54321","40085","312.538196","10.240.0.3","10.240.0.12","NBD","Read Response  Error:0"
"5047","","","94","40085","54321","312.538459","10.240.0.12","10.240.0.3","NBD","Read Request  Offset:0xffe7e000 Length:4096"
"5049","","000000000000000000000000000000000000000000000000...","4162","54321","40085","312.538520","10.240.0.3","10.240.0.12","NBD","Read Response  Error:0"
"5051","","","94","40085","54321","312.538906","10.240.0.12","10.240.0.3","NBD","Read Request  Offset:0x100000 Length:4096"
"5053","","000000000000000000000000000000000000000000000000...","4162","54321","40085","312.538979","10.240.0.3","10.240.0.12","NBD","Read Response  Error:0"
"5055","","","94","40085","54321","312.539774","10.240.0.12","10.240.0.3","NBD","Read Request  Offset:0xf000 Length:4096"
"5057","","000000000000000000000000000000000000000000000000...","4162","54321","40085","312.539838","10.240.0.3","10.240.0.12","NBD","Read Response  Error:0"
"5059","","","94","40085","54321","312.540320","10.240.0.12","10.240.0.3","NBD","Read Request  Offset:0xc000 Length:12288"
"5060","","","94","40085","54321","312.540332","10.240.0.12","10.240.0.3","NBD","Read Request  Offset:0x10000 Length:49152"
"5063","","","94","40085","54321","312.540470","10.240.0.12","10.240.0.3","NBD","Read Request  Offset:0x1c000 Length:131072"
"5065","","000000000000000000000000000000000000000000000000...","11330","54321","40085","312.540593","10.240.0.3","10.240.0.12","NBD","Read Response  Error:0"
"5076","","1df1b5a00000000000000000000000000000000000000000...","12738","54321","40085","312.541585","10.240.0.3","10.240.0.12","NBD","Read Response  Error:0"
"5084","","","94","40085","54321","312.541990","10.240.0.12","10.240.0.3","NBD","Read Request  Offset:0x3c000 Length:131072"
"5100","","000000000000000000000000000000000000000000000000...","12738","54321","40085","312.543528","10.240.0.3","10.240.0.12","NBD","Read Response  Error:0"
"5105","","","94","40085","54321","312.544029","10.240.0.12","10.240.0.3","NBD","Read Request  Offset:0x5c000 Length:131072"
"5121","","000000000000000000000000000000000000000000000000...","12738","54321","40085","312.545707","10.240.0.3","10.240.0.12","NBD","Read Response  Error:0"
"5143","","000000000000000000000000000000000000000000000000...","4226","54321","40085","312.548307","10.240.0.3","10.240.0.12","NBD","Read Response  Error:0"
"5145","","","94","40085","54321","312.549694","10.240.0.12","10.240.0.3","NBD","Read Request  Offset:0x7c000 Length:131072"
"5146","","","94","40085","54321","312.549710","10.240.0.12","10.240.0.3","NBD","Read Request  Offset:0x9c000 Length:131072"
"5168","","000000000000000000000000000000000000000000000000...","12738","54321","40085","312.552059","10.240.0.3","10.240.0.12","NBD","Read Response  Error:0"
"5173","","","94","40085","54321","312.552783","10.240.0.12","10.240.0.3","NBD","Read Request  Offset:0x200000 Length:24576"
"5189","","000000000000000000000000000000000000000000000000...","10210","54321","40085","312.555231","10.240.0.3","10.240.0.12","NBD","Read Response  Error:0"
"5193","","000000000000000000000000000000000000000000000000...","11970","54321","40085","312.586986","10.240.0.3","10.240.0.12","NBD","Read Response  Error:0"
"5195","","","94","40085","54321","312.609829","10.240.0.12","10.240.0.3","NBD","Read Request  Offset:0x1400000 Length:4096"
"5197","","cdacf5d10000000000000000000000000000000000000000...","4162","54321","40085","312.609968","10.240.0.3","10.240.0.12","NBD","Read Response  Error:0"
"5199","","","94","40085","54321","312.610244","10.240.0.12","10.240.0.3","NBD","Read Request  Offset:0x1401000 Length:16384"
"5203","","000000000000000000000000000000000000000000000000...","3778","54321","40085","312.610560","10.240.0.3","10.240.0.12","NBD","Read Response  Error:0"
"5205","","","94","40085","54321","312.610828","10.240.0.12","10.240.0.3","NBD","Read Request  Offset:0x1405000 Length:32768"
"5208","","","94","40085","54321","312.611126","10.240.0.12","10.240.0.3","NBD","Read Request  Offset:0x2404000 Length:4096"
"5212","","000000000000000000000000000000000000000000000000...,8e82dfb00000000000000000000000000000000000000000...","8786","54321","40085","312.611371","10.240.0.3","10.240.0.12","NBD","Read Response  Error:0"
"5214","","","94","40085","54321","312.611640","10.240.0.12","10.240.0.3","NBD","Read Request  Offset:0x2405000 Length:16384"
"5218","","000000000000000000000000000000000000000000000000...","2370","54321","40085","312.611877","10.240.0.3","10.240.0.12","NBD","Read Response  Error:0"
"5220","","","94","40085","54321","312.612078","10.240.0.12","10.240.0.3","NBD","Read Request  Offset:0x2409000 Length:32768"
"5223","","","94","40085","54321","312.612340","10.240.0.12","10.240.0.3","NBD","Read Request  Offset:0x2411000 Length:65536"
"5228","","000000000000000000000000000000000000000000000000...","15554","54321","40085","312.612781","10.240.0.3","10.240.0.12","NBD","Read Response  Error:0"
"5233","","","94","40085","54321","312.613399","10.240.0.12","10.240.0.3","NBD","Read Request  Offset:0x2421000 Length:131072"
"5237","","000000000000000000000000000000000000000000000000...","15554","54321","40085","312.613657","10.240.0.3","10.240.0.12","NBD","Read Response  Error:0"
"5245","","","94","40085","54321","312.614565","10.240.0.12","10.240.0.3","NBD","Read Request  Offset:0x2400000 Length:4096"
"5255","","00260000001826000000000000549ae9b85300000000d615...","15554","54321","40085","312.615553","10.240.0.3","10.240.0.12","NBD","Read Response  Error:0"
"5257","","7b7cdaff0000000000000000000000000000000000000000...","4082","54321","40085","312.615778","10.240.0.3","10.240.0.12","NBD","Read Response  Error:0"
"5259","","","94","40085","54321","312.616066","10.240.0.12","10.240.0.3","NBD","Read Request  Offset:0x2401000 Length:12288"
"5261","","000000000000000000000000000000000000000000000000...","12354","54321","40085","312.616132","10.240.0.3","10.240.0.12","NBD","Read Response  Error:0"
"5332","","81acbbe78941f9988941f9988941f9988941f9988941f998...","1474","40085","54321","312.627961","10.240.0.12","10.240.0.3","NBD","Write Request  Offset:0xc00000 Length:65536"
"5334","","","82","54321","40085","312.628125","10.240.0.3","10.240.0.12","NBD","Write Response  Error:0"
"5403","","fb7c62000000000000000000000000000000000000000000...","1474","40085","54321","312.635354","10.240.0.12","10.240.0.3","NBD","Write Request  Offset:0x2418000 Length:65536"
"5404","","","82","54321","40085","312.635399","10.240.0.3","10.240.0.12","NBD","Write Response  Error:0"
"5472","","fb7c62000000000000000000000000000000000000000000...","1046","40085","54321","312.642503","10.240.0.12","10.240.0.3","NBD","Write Request  Offset:0xf0d8000 Length:65536"
"5474","","","82","54321","40085","312.642592","10.240.0.3","10.240.0.12","NBD","Write Response  Error:0"
"5479","","e5482f770000000000000000000000000000000000000000...","1374","40085","54321","312.643188","10.240.0.12","10.240.0.3","NBD","Write Request  Offset:0x10000 Length:4096"
"5480","","","82","54321","40085","312.643225","10.240.0.3","10.240.0.12","NBD","Write Response  Error:0"
"5484","","452907b90000000000000000000000000000000000000000...","1374","40085","54321","342.671966","10.240.0.12","10.240.0.3","NBD","Write Request  Offset:0x4000000 Length:4096"
"5486","","","82","54321","40085","342.672175","10.240.0.3","10.240.0.12","NBD","Write Response  Error:0"
"5556","","d1970d588941f9988941f9988941f9988941f9988941f998...","1474","40085","54321","347.618910","10.240.0.12","10.240.0.3","NBD","Write Request  Offset:0xc10000 Length:65536"
"5559","","","82","54321","40085","347.619110","10.240.0.3","10.240.0.12","NBD","Write Response  Error:0"
"5627","","2a1f3b260000000000000000000000000000000000000000...","1474","40085","54321","347.626295","10.240.0.12","10.240.0.3","NBD","Write Request  Offset:0x2428000 Length:65536"
"5629","","","82","54321","40085","347.626397","10.240.0.3","10.240.0.12","NBD","Write Response  Error:0"
"5698","","2a1f3b260000000000000000000000000000000000000000...","1046","40085","54321","347.633460","10.240.0.12","10.240.0.3","NBD","Write Request  Offset:0xf0e8000 Length:65536"
"5700","","","82","54321","40085","347.633554","10.240.0.3","10.240.0.12","NBD","Write Response  Error:0"
"5705","","3ad03f240000000000000000000000000000000000000000...","1374","40085","54321","347.634230","10.240.0.12","10.240.0.3","NBD","Write Request  Offset:0x10000 Length:4096"
"5706","","","82","54321","40085","347.634272","10.240.0.3","10.240.0.12","NBD","Write Response  Error:0"
"5710","","9ab117ea0000000000000000000000000000000000000000...","1374","40085","54321","377.664010","10.240.0.12","10.240.0.3","NBD","Write Request  Offset:0x4000000 Length:4096"
"5712","","","82","54321","40085","377.664792","10.240.0.3","10.240.0.12","NBD","Write Response  Error:0"
"5783","","785e8c577d6c53d715bf7612e604c3739bf0b16e746febb2...","1474","40085","54321","437.701136","10.240.0.12","10.240.0.3","NBD","Write Request  Offset:0xc00000 Length:65536"
"5786","","","82","54321","40085","437.701264","10.240.0.3","10.240.0.12","NBD","Write Response  Error:0"
"5924","","1f8b08005ce21f570003b49b7b7054559ec76f5e10029af0...","1474","40085","54321","437.715689","10.240.0.12","10.240.0.3","NBD","Write Request  Offset:0xc20000 Length:131072"
"5929","","","82","54321","40085","437.716161","10.240.0.3","10.240.0.12","NBD","Write Response  Error:0"
"6065","","4fcfd0e37cca514dd8f13a290f68e8f0608a813f6032fd60...","1474","40085","54321","437.730314","10.240.0.12","10.240.0.3","NBD","Write Request  Offset:0xc40000 Length:131072"
"6067","","","82","54321","40085","437.730479","10.240.0.3","10.240.0.12","NBD","Write Response  Error:0"
"6205","","9d52c41f734dec9c13104d183ce7e04d3c73c76f32c07396...","1474","40085","54321","437.744993","10.240.0.12","10.240.0.3","NBD","Write Request  Offset:0xc60000 Length:131072"
"6212","","","82","54321","40085","437.745739","10.240.0.3","10.240.0.12","NBD","Write Response  Error:0"
"6346","","4080a8804102845d39828244653568d4accb0a3dbdbfaaba...","1474","40085","54321","437.759707","10.240.0.12","10.240.0.3","NBD","Write Request  Offset:0xc80000 Length:131072"
"6351","","","82","54321","40085","437.760045","10.240.0.3","10.240.0.12","NBD","Write Response  Error:0"
"6487","","053abddb368c87e0cd358d7d6eefc42aa8bb82bcc01d513a...","1474","40085","54321","437.774326","10.240.0.12","10.240.0.3","NBD","Write Request  Offset:0xca0000 Length:131072"
"6488","","","82","54321","40085","437.774482","10.240.0.3","10.240.0.12","NBD","Write Response  Error:0"
"6627","","0e1f46eb71649436fc7c580f77d6776e698369414a16d82c...","1474","40085","54321","437.788960","10.240.0.12","10.240.0.3","NBD","Write Request  Offset:0xcc0000 Length:131072"
"6634","","","82","54321","40085","437.789690","10.240.0.3","10.240.0.12","NBD","Write Response  Error:0"
"6767","","fa84f02c2dfec2bbe891c36e8cbf805946b76a13953bc93c...","1474","40085","54321","437.803587","10.240.0.12","10.240.0.3","NBD","Write Request  Offset:0xce0000 Length:131072"
"6770","","","82","54321","40085","437.803852","10.240.0.3","10.240.0.12","NBD","Write Response  Error:0"
"6907","","0b5cd35a72fb950d9ed1ad6cf04c4e70e36be965d3f90de9...","1474","40085","54321","437.818192","10.240.0.12","10.240.0.3","NBD","Write Request  Offset:0xd00000 Length:131072"
"6910","","","82","54321","40085","437.818577","10.240.0.3","10.240.0.12","NBD","Write Response  Error:0"
"7044","","fb32e17b04f2cff82cfbde2100a38b3a02c1d958b39435ea...","1474","40085","54321","437.832816","10.240.0.12","10.240.0.3","NBD","Write Request  Offset:0xd20000 Length:131072"
"7050","","","82","54321","40085","437.833349","10.240.0.3","10.240.0.12","NBD","Write Response  Error:0"
"7184","","efe396631d0995b57b589459cfb056d45fede52e39c58328...","1474","40085","54321","437.847446","10.240.0.12","10.240.0.3","NBD","Write Request  Offset:0xd40000 Length:131072"
"7189","","","82","54321","40085","437.847834","10.240.0.3","10.240.0.12","NBD","Write Response  Error:0"
"7325","","a065cf7acfdf0d7b77f9f3a05f20952a6f4d1d53565a283a...","1474","40085","54321","437.862059","10.240.0.12","10.240.0.3","NBD","Write Request  Offset:0xd60000 Length:131072"
"7331","","","82","54321","40085","437.862572","10.240.0.3","10.240.0.12","NBD","Write Response  Error:0"
"7465","","30f91990d2547b417c261d1e8991cbb7c65cc6b13fd30c9c...","1474","40085","54321","437.876682","10.240.0.12","10.240.0.3","NBD","Write Request  Offset:0xd80000 Length:131072"
"7468","","","82","54321","40085","437.876962","10.240.0.3","10.240.0.12","NBD","Write Response  Error:0"
"7607","","8062d444daaea90eb8f7eccb22f21276e487f8e957d52261...","1474","40085","54321","437.891511","10.240.0.12","10.240.0.3","NBD","Write Request  Offset:0xda0000 Length:131072"
"7611","","","82","54321","40085","437.891804","10.240.0.3","10.240.0.12","NBD","Write Response  Error:0"
"7747","","1cc2d84eaaa6d90d68428c22147918518ef0512f45f19a6c...","1474","40085","54321","437.906076","10.240.0.12","10.240.0.3","NBD","Write Request  Offset:0xdc0000 Length:131072"
"7752","","","82","54321","40085","437.906429","10.240.0.3","10.240.0.12","NBD","Write Response  Error:0"
"7888","","a54d20df862212f51448d5fa3f0984f4184c273fc60e3df0...","1474","40085","54321","437.921017","10.240.0.12","10.240.0.3","NBD","Write Request  Offset:0xde0000 Length:131072"
"7897","","","82","54321","40085","437.921641","10.240.0.3","10.240.0.12","NBD","Write Response  Error:0"
"8028","","2ae0db3572b450d3ce7f34fc70b986affa68e4ee454dbf0f...","1474","40085","54321","437.935316","10.240.0.12","10.240.0.3","NBD","Write Request  Offset:0xe00000 Length:131072"
"8033","","","82","54321","40085","437.935747","10.240.0.3","10.240.0.12","NBD","Write Response  Error:0"
"8167","","289c4edcf5c64b94dd9def274df28ed65f4e63ff156c7cca...","1474","40085","54321","437.949984","10.240.0.12","10.240.0.3","NBD","Write Request  Offset:0xe20000 Length:131072"
"8170","","","82","54321","40085","437.950152","10.240.0.3","10.240.0.12","NBD","Write Response  Error:0"
"8307","","377d82a09eb7011986de257e8d5310e27b2528e8f127dfc9...","1474","40085","54321","437.964600","10.240.0.12","10.240.0.3","NBD","Write Request  Offset:0xe40000 Length:131072"
"8310","","","82","54321","40085","437.964777","10.240.0.3","10.240.0.12","NBD","Write Response  Error:0"
"8447","","6217ef27007458a8423f327960902fe83395e3a9ac5da80b...","1474","40085","54321","437.979191","10.240.0.12","10.240.0.3","NBD","Write Request  Offset:0xe60000 Length:131072"
"8450","","","82","54321","40085","437.979473","10.240.0.3","10.240.0.12","NBD","Write Response  Error:0"
"8587","","55b2e83e1d03b3b9c7a722d17d5d328df5d3404724b64ae2...","1474","40085","54321","437.994057","10.240.0.12","10.240.0.3","NBD","Write Request  Offset:0xe80000 Length:131072"
"8596","","","82","54321","40085","437.994705","10.240.0.3","10.240.0.12","NBD","Write Response  Error:0"
"8727","","18f9d354872f55d00d1c17be1baa6bc0f23e2c571d9254fe...","1474","40085","54321","438.008435","10.240.0.12","10.240.0.3","NBD","Write Request  Offset:0xea0000 Length:131072"
"8732","","","82","54321","40085","438.008800","10.240.0.3","10.240.0.12","NBD","Write Response  Error:0"
"8869","","6512ffc66a929b670b34c18aebff871bb1b6e4ded17f8f1b...","1474","40085","54321","438.023223","10.240.0.12","10.240.0.3","NBD","Write Request  Offset:0xec0000 Length:131072"
"8872","","","82","54321","40085","438.023493","10.240.0.3","10.240.0.12","NBD","Write Response  Error:0"
"9009","","f73bf65be4bf93a4dcbfb33eb29e59b3572b053b552e4e28...","1474","40085","54321","438.037850","10.240.0.12","10.240.0.3","NBD","Write Request  Offset:0xee0000 Length:131072"
"9012","","","82","54321","40085","438.038147","10.240.0.3","10.240.0.12","NBD","Write Response  Error:0"
"9149","","c1bf272cb3eab2f787aaf967d1d68e6453e9a9272079defb...","1474","40085","54321","438.052470","10.240.0.12","10.240.0.3","NBD","Write Request  Offset:0xf00000 Length:131072"
"9154","","","82","54321","40085","438.052930","10.240.0.3","10.240.0.12","NBD","Write Response  Error:0"
"9290","","fa97068abd31acc5ad22b86687b5e0470c0c3cc59935230b...","1474","40085","54321","438.067210","10.240.0.12","10.240.0.3","NBD","Write Request  Offset:0xf20000 Length:131072"
"9297","","","82","54321","40085","438.067753","10.240.0.3","10.240.0.12","NBD","Write Response  Error:0"
"9430","","e43c82636a7cfe3636c8e844abbd5cc7281e971cfd44d020...","1474","40085","54321","438.081741","10.240.0.12","10.240.0.3","NBD","Write Request  Offset:0xf40000 Length:131072"
"9433","","","82","54321","40085","438.081937","10.240.0.3","10.240.0.12","NBD","Write Response  Error:0"
"9570","","4483368252b72fdb511a3aea60eda5af09d5c1d9dab020de...","1474","40085","54321","438.096630","10.240.0.12","10.240.0.3","NBD","Write Request  Offset:0xf60000 Length:131072"
"9575","","","82","54321","40085","438.096805","10.240.0.3","10.240.0.12","NBD","Write Response  Error:0"
"9711","","e139aebbc18bff79fbecd0f7603e0ee887bf037ecad0ffc6...","1474","40085","54321","438.110986","10.240.0.12","10.240.0.3","NBD","Write Request  Offset:0xf80000 Length:131072"
"9715","","","82","54321","40085","438.111371","10.240.0.3","10.240.0.12","NBD","Write Response  Error:0"
"9851","","d9e55343b0ec1d9c3e68309692317488eff158ffb7c306f9...","1474","40085","54321","438.125589","10.240.0.12","10.240.0.3","NBD","Write Request  Offset:0xfa0000 Length:131072"
"9853","","","82","54321","40085","438.125743","10.240.0.3","10.240.0.12","NBD","Write Response  Error:0"
"9991","","18bfea38599e0fc87a971f7a9092dfdb7965abd954797be0...","1474","40085","54321","438.140308","10.240.0.12","10.240.0.3","NBD","Write Request  Offset:0xfc0000 Length:131072"
"9995","","","82","54321","40085","438.140626","10.240.0.3","10.240.0.12","NBD","Write Response  Error:0"
"10131","","df24e0aa0847ea790bf04e709c26f000f0b5e09f23c4cffb...","1474","40085","54321","438.154951","10.240.0.12","10.240.0.3","NBD","Write Request  Offset:0xfe0000 Length:131072"
"10134","","","82","54321","40085","438.155095","10.240.0.3","10.240.0.12","NBD","Write Response  Error:0"
"10272","","f82ba0b7fff9b8bc5b5ce63f5fc6ed7351fe8cdbfb53018c...","1474","40085","54321","438.169595","10.240.0.12","10.240.0.3","NBD","Write Request  Offset:0x1000000 Length:131072"
"10273","","","82","54321","40085","438.169730","10.240.0.3","10.240.0.12","NBD","Write Response  Error:0"
"10412","","26bf597f24b9768fd3bd629b1827c4cb4ac883491a024fb9...","1474","40085","54321","438.184238","10.240.0.12","10.240.0.3","NBD","Write Request  Offset:0x1020000 Length:131072"
"10415","","","82","54321","40085","438.184482","10.240.0.3","10.240.0.12","NBD","Write Response  Error:0"
"10551","","dda86f103a8ceb345d8ab0178169f4a2834aeab7c41fecd1...","1474","40085","54321","438.198866","10.240.0.12","10.240.0.3","NBD","Write Request  Offset:0x1040000 Length:131072"
"10553","","","82","54321","40085","438.198988","10.240.0.3","10.240.0.12","NBD","Write Response  Error:0"
"10692","","9334c130acdc106c98e5e84f3437c53c9ad59ea348b6c4ac...","1474","40085","54321","438.213472","10.240.0.12","10.240.0.3","NBD","Write Request  Offset:0x1060000 Length:131072"
"10693","","","82","54321","40085","438.213585","10.240.0.3","10.240.0.12","NBD","Write Response  Error:0"
"10830","","9f0d56eca0bffeca9ba05703224f3dfd8b80887bc21df1da...","1474","40085","54321","438.228096","10.240.0.12","10.240.0.3","NBD","Write Request  Offset:0x1080000 Length:131072"
"10832","","","82","54321","40085","438.228232","10.240.0.3","10.240.0.12","NBD","Write Response  Error:0"
"10971","","8aa2ee78b370a5e88edf675dadb0aefe80674ab434e22bad...","1474","40085","54321","438.242707","10.240.0.12","10.240.0.3","NBD","Write Request  Offset:0x10a0000 Length:131072"
"10972","","","82","54321","40085","438.242848","10.240.0.3","10.240.0.12","NBD","Write Response  Error:0"
"11111","","4d0e078df83eecab74278624ebf034ad46ac7674f39b21c6...","1474","40085","54321","438.257393","10.240.0.12","10.240.0.3","NBD","Write Request  Offset:0x10c0000 Length:131072"
"11115","","","82","54321","40085","438.257768","10.240.0.3","10.240.0.12","NBD","Write Response  Error:0"
"11251","","f930a7a89b0fd1e079f3745d507eb2f4840ebf73116fe89f...","1474","40085","54321","438.271951","10.240.0.12","10.240.0.3","NBD","Write Request  Offset:0x10e0000 Length:131072"
"11258","","","82","54321","40085","438.272735","10.240.0.3","10.240.0.12","NBD","Write Response  Error:0"
"11391","","840cbd90ec332327c6e007f97cabd89f30d821ea07ce6f8d...","1474","40085","54321","438.286586","10.240.0.12","10.240.0.3","NBD","Write Request  Offset:0x1100000 Length:131072"
"11393","","","82","54321","40085","438.286735","10.240.0.3","10.240.0.12","NBD","Write Response  Error:0"
"11537","","","82","54321","40085","438.301754","10.240.0.3","10.240.0.12","NBD","Read Response  Error:0"
"11675","","","82","54321","40085","438.316182","10.240.0.3","10.240.0.12","NBD","Read Response  Error:0"
"11819","","","82","54321","40085","438.331236","10.240.0.3","10.240.0.12","NBD","Read Response  Error:0"
"11958","","","82","54321","40085","438.345674","10.240.0.3","10.240.0.12","NBD","Read Response  Error:0"
"12100","","","82","54321","40085","438.360373","10.240.0.3","10.240.0.12","NBD","Read Response  Error:0"
"12237","","","82","54321","40085","438.374754","10.240.0.3","10.240.0.12","NBD","Read Response  Error:0"
"12375","","","82","54321","40085","438.389310","10.240.0.3","10.240.0.12","NBD","Read Response  Error:0"
"12515","","","82","54321","40085","438.403915","10.240.0.3","10.240.0.12","NBD","Read Response  Error:0"
"12655","","","82","54321","40085","438.418629","10.240.0.3","10.240.0.12","NBD","Read Response  Error:0"
"12797","","","82","54321","40085","438.433364","10.240.0.3","10.240.0.12","NBD","Read Response  Error:0"
"12942","","","82","54321","40085","438.448421","10.240.0.3","10.240.0.12","NBD","Read Response  Error:0"
"13055","","","82","54321","40085","438.462587","10.240.0.3","10.240.0.12","NBD","Read Response  Error:0"
"13194","","","82","54321","40085","438.477131","10.240.0.3","10.240.0.12","NBD","Read Response  Error:0"
"13342","","","82","54321","40085","438.492513","10.240.0.3","10.240.0.12","NBD","Read Response  Error:0"
"13476","","","82","54321","40085","438.506393","10.240.0.3","10.240.0.12","NBD","Read Response  Error:0"
"13621","","","82","54321","40085","438.521581","10.240.0.3","10.240.0.12","NBD","Read Response  Error:0"
"13751","","","82","54321","40085","438.535816","10.240.0.3","10.240.0.12","NBD","Read Response  Error:0"
"13891","","","82","54321","40085","438.550362","10.240.0.3","10.240.0.12","NBD","Read Response  Error:0"
"14031","","","82","54321","40085","438.565003","10.240.0.3","10.240.0.12","NBD","Read Response  Error:0"
"14172","","","82","54321","40085","438.579662","10.240.0.3","10.240.0.12","NBD","Read Response  Error:0"
"14311","","","82","54321","40085","438.594266","10.240.0.3","10.240.0.12","NBD","Read Response  Error:0"
"14451","","","82","54321","40085","438.608876","10.240.0.3","10.240.0.12","NBD","Read Response  Error:0"
"14591","","","82","54321","40085","438.623538","10.240.0.3","10.240.0.12","NBD","Read Response  Error:0"
"14610","","","82","54321","40085","438.625321","10.240.0.3","10.240.0.12","NBD","Read Response  Error:0"
"14627","","","82","54321","40085","438.627045","10.240.0.3","10.240.0.12","NBD","Read Response  Error:0"
"14767","","","82","54321","40085","438.641730","10.240.0.3","10.240.0.12","NBD","Read Response  Error:0"
"14909","","","82","54321","40085","438.656509","10.240.0.3","10.240.0.12","NBD","Read Response  Error:0"
"15051","","","82","54321","40085","438.671278","10.240.0.3","10.240.0.12","NBD","Read Response  Error:0"
"15191","","","82","54321","40085","438.686010","10.240.0.3","10.240.0.12","NBD","Read Response  Error:0"
"15331","","","82","54321","40085","438.700520","10.240.0.3","10.240.0.12","NBD","Read Response  Error:0"
"15470","","","82","54321","40085","438.715016","10.240.0.3","10.240.0.12","NBD","Read Response  Error:0"
"15616","","","82","54321","40085","438.730169","10.240.0.3","10.240.0.12","NBD","Read Response  Error:0"
"15663","","","82","54321","40085","438.735085","10.240.0.3","10.240.0.12","NBD","Read Response  Error:0"
"15803","","","82","54321","40085","438.749757","10.240.0.3","10.240.0.12","NBD","Read Response  Error:0"
"15942","","","82","54321","40085","438.764395","10.240.0.3","10.240.0.12","NBD","Read Response  Error:0"
"16083","","","82","54321","40085","438.779138","10.240.0.3","10.240.0.12","NBD","Read Response  Error:0"
"16225","","","82","54321","40085","438.793951","10.240.0.3","10.240.0.12","NBD","Read Response  Error:0"
"16365","","","82","54321","40085","438.808578","10.240.0.3","10.240.0.12","NBD","Read Response  Error:0"
"16508","","","82","54321","40085","438.823530","10.240.0.3","10.240.0.12","NBD","Read Response  Error:0"
"16645","","","82","54321","40085","438.837685","10.240.0.3","10.240.0.12","NBD","Read Response  Error:0"
"16697","","","82","54321","40085","438.843119","10.240.0.3","10.240.0.12","NBD","Read Response  Error:0"
"16839","","","82","54321","40085","438.857813","10.240.0.3","10.240.0.12","NBD","Read Response  Error:0"
"16982","","","82","54321","40085","438.872951","10.240.0.3","10.240.0.12","NBD","Read Response  Error:0"
"17116","","","82","54321","40085","438.887002","10.240.0.3","10.240.0.12","NBD","Read Response  Error:0"
"17255","","","82","54321","40085","438.901654","10.240.0.3","10.240.0.12","NBD","Read Response  Error:0"
"17395","","","82","54321","40085","438.916242","10.240.0.3","10.240.0.12","NBD","Read Response  Error:0"
"17535","","","82","54321","40085","438.930873","10.240.0.3","10.240.0.12","NBD","Read Response  Error:0"
"17677","","","82","54321","40085","438.945684","10.240.0.3","10.240.0.12","NBD","Read Response  Error:0"
"17817","","","82","54321","40085","438.960292","10.240.0.3","10.240.0.12","NBD","Read Response  Error:0"
"17957","","","82","54321","40085","438.974895","10.240.0.3","10.240.0.12","NBD","Read Response  Error:0"
"18097","","","82","54321","40085","438.989539","10.240.0.3","10.240.0.12","NBD","Read Response  Error:0"
"18237","","","82","54321","40085","439.004167","10.240.0.3","10.240.0.12","NBD","Read Response  Error:0"
"18377","","","82","54321","40085","439.018772","10.240.0.3","10.240.0.12","NBD","Read Response  Error:0"
"18517","","","82","54321","40085","439.033388","10.240.0.3","10.240.0.12","NBD","Read Response  Error:0"
"18656","","","82","54321","40085","439.048031","10.240.0.3","10.240.0.12","NBD","Read Response  Error:0"
"18796","","","82","54321","40085","439.062676","10.240.0.3","10.240.0.12","NBD","Read Response  Error:0"
"18937","","","82","54321","40085","439.077453","10.240.0.3","10.240.0.12","NBD","Read Response  Error:0"
"19077","","","82","54321","40085","439.092081","10.240.0.3","10.240.0.12","NBD","Read Response  Error:0"
"19222","","","82","54321","40085","439.107289","10.240.0.3","10.240.0.12","NBD","Read Response  Error:0"
"19357","","","82","54321","40085","439.121381","10.240.0.3","10.240.0.12","NBD","Read Response  Error:0"
"19498","","","82","54321","40085","439.136006","10.240.0.3","10.240.0.12","NBD","Read Response  Error:0"
"19637","","","82","54321","40085","439.150565","10.240.0.3","10.240.0.12","NBD","Read Response  Error:0"
"19777","","","82","54321","40085","439.165166","10.240.0.3","10.240.0.12","NBD","Read Response  Error:0"
"19917","","","82","54321","40085","439.179791","10.240.0.3","10.240.0.12","NBD","Read Response  Error:0"
"20059","","","82","54321","40085","439.194469","10.240.0.3","10.240.0.12","NBD","Read Response  Error:0"
"20201","","","82","54321","40085","439.210023","10.240.0.3","10.240.0.12","NBD","Read Response  Error:0"
"20334","","","82","54321","40085","439.223817","10.240.0.3","10.240.0.12","NBD","Read Response  Error:0"
"20474","","","82","54321","40085","439.238448","10.240.0.3","10.240.0.12","NBD","Read Response  Error:0"
"20616","","","82","54321","40085","439.253158","10.240.0.3","10.240.0.12","NBD","Read Response  Error:0"
"20762","","","82","54321","40085","439.268486","10.240.0.3","10.240.0.12","NBD","Read Response  Error:0"
"20895","","","82","54321","40085","439.282305","10.240.0.3","10.240.0.12","NBD","Read Response  Error:0"
"21035","","","82","54321","40085","439.296923","10.240.0.3","10.240.0.12","NBD","Read Response  Error:0"
"21174","","","82","54321","40085","439.311543","10.240.0.3","10.240.0.12","NBD","Read Response  Error:0"
"21314","","","82","54321","40085","439.326183","10.240.0.3","10.240.0.12","NBD","Read Response  Error:0"
"21457","","","82","54321","40085","439.340998","10.240.0.3","10.240.0.12","NBD","Read Response  Error:0"
"21596","","","82","54321","40085","439.355576","10.240.0.3","10.240.0.12","NBD","Read Response  Error:0"
"21736","","","82","54321","40085","439.370218","10.240.0.3","10.240.0.12","NBD","Read Response  Error:0"
"21876","","","82","54321","40085","439.384831","10.240.0.3","10.240.0.12","NBD","Read Response  Error:0"
"22018","","","82","54321","40085","439.399513","10.240.0.3","10.240.0.12","NBD","Read Response  Error:0"
"22157","","","82","54321","40085","439.414073","10.240.0.3","10.240.0.12","NBD","Read Response  Error:0"
"22301","","","82","54321","40085","439.429402","10.240.0.3","10.240.0.12","NBD","Read Response  Error:0"
"22434","","","82","54321","40085","439.443326","10.240.0.3","10.240.0.12","NBD","Read Response  Error:0"
"22576","","","82","54321","40085","439.458091","10.240.0.3","10.240.0.12","NBD","Read Response  Error:0"
"22718","","","82","54321","40085","439.472973","10.240.0.3","10.240.0.12","NBD","Read Response  Error:0"
"22857","","","82","54321","40085","439.487405","10.240.0.3","10.240.0.12","NBD","Read Response  Error:0"
"22997","","","82","54321","40085","439.502000","10.240.0.3","10.240.0.12","NBD","Read Response  Error:0"
"23136","","","82","54321","40085","439.516609","10.240.0.3","10.240.0.12","NBD","Read Response  Error:0"
"23276","","","82","54321","40085","439.531252","10.240.0.3","10.240.0.12","NBD","Read Response  Error:0"
"23414","","","82","54321","40085","439.546501","10.240.0.3","10.240.0.12","NBD","Read Response  Error:0"
"23548","","","82","54321","40085","439.560446","10.240.0.3","10.240.0.12","NBD","Read Response  Error:0"
"23690","","","82","54321","40085","439.575252","10.240.0.3","10.240.0.12","NBD","Read Response  Error:0"
"23830","","","82","54321","40085","439.589765","10.240.0.3","10.240.0.12","NBD","Read Response  Error:0"
"23972","","","82","54321","40085","439.604566","10.240.0.3","10.240.0.12","NBD","Read Response  Error:0"
"24111","","","82","54321","40085","439.619143","10.240.0.3","10.240.0.12","NBD","Read Response  Error:0"
"24252","","","82","54321","40085","439.633830","10.240.0.3","10.240.0.12","NBD","Read Response  Error:0"
"24392","","","82","54321","40085","439.648410","10.240.0.3","10.240.0.12","NBD","Read Response  Error:0"
"24532","","","82","54321","40085","439.663025","10.240.0.3","10.240.0.12","NBD","Read Response  Error:0"
"24671","","","82","54321","40085","439.677624","10.240.0.3","10.240.0.12","NBD","Read Response  Error:0"
"24819","","","82","54321","40085","439.692898","10.240.0.3","10.240.0.12","NBD","Read Response  Error:0"
"24953","","","82","54321","40085","439.707082","10.240.0.3","10.240.0.12","NBD","Read Response  Error:0"
"25092","","","82","54321","40085","439.721478","10.240.0.3","10.240.0.12","NBD","Read Response  Error:0"
"25234","","","82","54321","40085","439.736345","10.240.0.3","10.240.0.12","NBD","Read Response  Error:0"
"25371","","","82","54321","40085","439.750900","10.240.0.3","10.240.0.12","NBD","Read Response  Error:0"
"25512","","","82","54321","40085","439.765536","10.240.0.3","10.240.0.12","NBD","Read Response  Error:0"
"25659","","","82","54321","40085","439.780864","10.240.0.3","10.240.0.12","NBD","Read Response  Error:0"
"25793","","","82","54321","40085","439.794908","10.240.0.3","10.240.0.12","NBD","Read Response  Error:0"
"25932","","","82","54321","40085","439.809375","10.240.0.3","10.240.0.12","NBD","Read Response  Error:0"
"26072","","","82","54321","40085","439.824012","10.240.0.3","10.240.0.12","NBD","Read Response  Error:0"
"26212","","","82","54321","40085","439.838644","10.240.0.3","10.240.0.12","NBD","Read Response  Error:0"
"26347","","","82","54321","40085","439.853252","10.240.0.3","10.240.0.12","NBD","Read Response  Error:0"
"26487","","","82","54321","40085","439.868166","10.240.0.3","10.240.0.12","NBD","Read Response  Error:0"
"26627","","","82","54321","40085","439.882697","10.240.0.3","10.240.0.12","NBD","Read Response  Error:0"
"26767","","","82","54321","40085","439.897420","10.240.0.3","10.240.0.12","NBD","Read Response  Error:0"
"26906","","","82","54321","40085","439.911961","10.240.0.3","10.240.0.12","NBD","Read Response  Error:0"
"27045","","","82","54321","40085","439.926661","10.240.0.3","10.240.0.12","NBD","Read Response  Error:0"
"27185","","","82","54321","40085","439.941228","10.240.0.3","10.240.0.12","NBD","Read Response  Error:0"
"27325","","","82","54321","40085","439.955790","10.240.0.3","10.240.0.12","NBD","Read Response  Error:0"
"27464","","","82","54321","40085","439.970396","10.240.0.3","10.240.0.12","NBD","Read Response  Error:0"
"27606","","","82","54321","40085","439.985216","10.240.0.3","10.240.0.12","NBD","Read Response  Error:0"
"27748","","","82","54321","40085","439.999859","10.240.0.3","10.240.0.12","NBD","Write Response  Error:0"
"27894","","","82","54321","40085","440.015109","10.240.0.3","10.240.0.12","NBD","Read Response  Error:0"
"28028","","","82","54321","40085","440.029127","10.240.0.3","10.240.0.12","NBD","Read Response  Error:0"
"28168","","","82","54321","40085","440.043925","10.240.0.3","10.240.0.12","NBD","Read Response  Error:0"
"34256","","","1374","40085","54321","440.683510","10.240.0.12","10.240.0.3","NBD",""
"34261","","","1374","40085","54321","440.684230","10.240.0.12","10.240.0.3","NBD",""
"34333","","","1474","40085","54321","455.061609","10.240.0.12","10.240.0.3","NBD",""
"34474","","","1474","40085","54321","455.076243","10.240.0.12","10.240.0.3","NBD",""
"34612","","","1474","40085","54321","455.090863","10.240.0.12","10.240.0.3","NBD",""
"34683","","","562","40085","54321","455.098138","10.240.0.12","10.240.0.3","NBD",""
"34690","","","1374","40085","54321","455.098825","10.240.0.12","10.240.0.3","NBD",""
"34695","","","1374","40085","54321","455.099437","10.240.0.12","10.240.0.3","NBD",""
"34849","","","1474","40085","54321","497.652735","10.240.0.12","10.240.0.3","NBD",""
"34991","","","1474","40085","54321","497.667361","10.240.0.12","10.240.0.3","NBD",""
"35026","","","1474","40085","54321","497.670975","10.240.0.12","10.240.0.3","NBD",""
"35166","","","1474","40085","54321","497.685642","10.240.0.12","10.240.0.3","NBD",""
"35306","","","1474","40085","54321","497.700239","10.240.0.12","10.240.0.3","NBD",""
"35343","","","1474","40085","54321","497.704006","10.240.0.12","10.240.0.3","NBD",""
"35477","","","1474","40085","54321","497.718148","10.240.0.12","10.240.0.3","NBD",""
"35617","","","1474","40085","54321","497.732775","10.240.0.12","10.240.0.3","NBD",""
"35757","","","1474","40085","54321","497.747410","10.240.0.12","10.240.0.3","NBD",""
"35897","","","1474","40085","54321","497.762224","10.240.0.12","10.240.0.3","NBD",""
"36037","","","1474","40085","54321","497.776633","10.240.0.12","10.240.0.3","NBD",""
"36178","","","1474","40085","54321","497.791292","10.240.0.12","10.240.0.3","NBD",""
"36318","","","1474","40085","54321","497.805885","10.240.0.12","10.240.0.3","NBD",""
"36321","","674466980000000020fa0bbb0088ffff6744669800000000...","82","54321","40085","497.806037","10.240.0.3","10.240.0.12","NBD","Read Response  Error:0"
"36460","","964211ffc5ad8576abbf9f7eee4fcc97dbe69a308c55be60...","1474","40085","54321","497.820666","10.240.0.12","10.240.0.3","NBD","Write Request  Offset:0x1ce05000 Length:131072"
"36462","","","82","54321","40085","497.820788","10.240.0.3","10.240.0.12","NBD","Write Response  Error:0"
"36601","","c3661382afb18fc6092192fd188844ae7e1cfe8e98648323...","1474","40085","54321","497.835292","10.240.0.12","10.240.0.3","NBD","Write Request  Offset:0x1ce25000 Length:131072"
"36602","","","82","54321","40085","497.835437","10.240.0.3","10.240.0.12","NBD","Write Response  Error:0"
"36741","","5e4bfbd9b71c5e242ff96676ef8f2f97a64deb75f6d0e44f...","1474","40085","54321","497.849918","10.240.0.12","10.240.0.3","NBD","Write Request  Offset:0x1ce45000 Length:131072"
"36743","","","82","54321","40085","497.850054","10.240.0.3","10.240.0.12","NBD","Write Response  Error:0"
"36881","","9bb11ca93efe84f6dc88fd0ead9f3f0bcb311bed9fe672ab...","1474","40085","54321","497.864549","10.240.0.12","10.240.0.3","NBD","Write Request  Offset:0x1ce65000 Length:131072"
"36884","","","82","54321","40085","497.864741","10.240.0.3","10.240.0.12","NBD","Write Response  Error:0"
"37020","","1ffcde24be6e3ff83bc0af66c6224f2a4c2ba654c0f67327...","1474","40085","54321","497.879209","10.240.0.12","10.240.0.3","NBD","Write Request  Offset:0x1ce85000 Length:131072"
"37023","","","82","54321","40085","497.879396","10.240.0.3","10.240.0.12","NBD","Write Response  Error:0"
"37160","","4fbf0df2a721ffabd9d4eb7c7a028ff48b92fdea49c4d771...","1474","40085","54321","497.893782","10.240.0.12","10.240.0.3","NBD","Write Request  Offset:0x1cea5000 Length:131072"
"37163","","","82","54321","40085","497.893954","10.240.0.3","10.240.0.12","NBD","Write Response  Error:0"
"37300","","9e84fa7c8aff472a7fd469143fe9b1a8d3297ed2a3508fa2...","1474","40085","54321","497.908399","10.240.0.12","10.240.0.3","NBD","Write Request  Offset:0x1cec5000 Length:131072"
"37302","","","82","54321","40085","497.908540","10.240.0.3","10.240.0.12","NBD","Write Response  Error:0"
"37441","","a4fad741d46113eb05d9c07e6510e281cdb0035b8478801c...","1474","40085","54321","497.923017","10.240.0.12","10.240.0.3","NBD","Write Request  Offset:0x1cee5000 Length:131072"
"37442","","","82","54321","40085","497.923168","10.240.0.3","10.240.0.12","NBD","Write Response  Error:0"
"37581","","a2f24c8abae75813f3e0ae16c215d865d11864c287de0326...","1474","40085","54321","497.937644","10.240.0.12","10.240.0.3","NBD","Write Request  Offset:0x1cf05000 Length:131072"
"37582","","","82","54321","40085","497.937783","10.240.0.3","10.240.0.12","NBD","Write Response  Error:0"
"37722","","8167ae6fb03fad263ff5ab2dc39f41fe994a2ddd7d046b98...","1474","40085","54321","497.952434","10.240.0.12","10.240.0.3","NBD","Write Request  Offset:0x1cf25000 Length:131072"
"37724","","","82","54321","40085","497.952564","10.240.0.3","10.240.0.12","NBD","Write Response  Error:0"
"37861","","7ff55abb59107a3b41efdefb3857eb011fa904b4da867c82...","1474","40085","54321","497.967046","10.240.0.12","10.240.0.3","NBD","Write Request  Offset:0x1cf45000 Length:131072"
"37869","","","82","54321","40085","497.967817","10.240.0.3","10.240.0.12","NBD","Write Response  Error:0"
"38002","","dce801557fa3aaa5d862ca8228df000d3eee3f93e4eb821e...","1474","40085","54321","497.981666","10.240.0.12","10.240.0.3","NBD","Write Request  Offset:0x1cf65000 Length:131072"
"38003","","","82","54321","40085","497.981799","10.240.0.3","10.240.0.12","NBD","Write Response  Error:0"
"38141","","59d23959eab499e8d4a1f3a4259d02a9f3c159c63a6174a6...","1474","40085","54321","497.996353","10.240.0.12","10.240.0.3","NBD","Write Request  Offset:0x1cf85000 Length:131072"
"38144","","","82","54321","40085","497.996502","10.240.0.3","10.240.0.12","NBD","Write Response  Error:0"
"38281","","be9d6f6cc2e8ebc983531d309e6b910fc6715b1d7a052165...","1474","40085","54321","498.010904","10.240.0.12","10.240.0.3","NBD","Write Request  Offset:0x1cfa5000 Length:131072"
"38283","","","82","54321","40085","498.011046","10.240.0.3","10.240.0.12","NBD","Write Response  Error:0"
"38422","","95014ad206c11febf138620d9b7c023e3df35ff049eaba3b...","1474","40085","54321","498.025548","10.240.0.12","10.240.0.3","NBD","Write Request  Offset:0x1cfc5000 Length:131072"
"38423","","","82","54321","40085","498.025675","10.240.0.3","10.240.0.12","NBD","Write Response  Error:0"
"38562","","f6a3e4f9d2a7ec7c19a1992f521e73e0971e2f95ce3fcc8a...","1474","40085","54321","498.040156","10.240.0.12","10.240.0.3","NBD","Write Request  Offset:0x1cfe5000 Length:131072"
"38563","","","82","54321","40085","498.040296","10.240.0.3","10.240.0.12","NBD","Write Response  Error:0"
"38702","","d9b281d46cd98a9a310dea41b3291c5565ac971904c5f533...","1474","40085","54321","498.054779","10.240.0.12","10.240.0.3","NBD","Write Request  Offset:0x1d005000 Length:131072"
"38703","","","82","54321","40085","498.054901","10.240.0.3","10.240.0.12","NBD","Write Response  Error:0"
"38842","","6d301b13c7d0e140478a2a3cdb24f151c851f7c49a76b154...","1474","40085","54321","498.069383","10.240.0.12","10.240.0.3","NBD","Write Request  Offset:0x1d025000 Length:131072"
"38843","","","82","54321","40085","498.069510","10.240.0.3","10.240.0.12","NBD","Write Response  Error:0"
"38981","","1cc8e107990b69764b4e0cac50fd54f67e73d6b159cb8a7e...","1474","40085","54321","498.084041","10.240.0.12","10.240.0.3","NBD","Write Request  Offset:0x1d045000 Length:131072"
"38984","","","82","54321","40085","498.084215","10.240.0.3","10.240.0.12","NBD","Write Response  Error:0"
"39123","","4d1163956fcf4a939bd944c4589b08196b939acb85b650e0...","1474","40085","54321","498.098788","10.240.0.12","10.240.0.3","NBD","Write Request  Offset:0x1d065000 Length:131072"
"39126","","","82","54321","40085","498.099058","10.240.0.3","10.240.0.12","NBD","Write Response  Error:0"
"39263","","233f78b3f073c80f5e2fdc81fce046e1e7911f9c147e01f9...","1474","40085","54321","498.113424","10.240.0.12","10.240.0.3","NBD","Write Request  Offset:0x1d085000 Length:131072"
"39265","","","82","54321","40085","498.113602","10.240.0.3","10.240.0.12","NBD","Write Response  Error:0"
"39404","","b992a32b89fb8a3a257e5d891117fcefdf1a11b97fa25e7b...","1474","40085","54321","498.128051","10.240.0.12","10.240.0.3","NBD","Write Request  Offset:0x1d0a5000 Length:131072"
"39405","","","82","54321","40085","498.128208","10.240.0.3","10.240.0.12","NBD","Write Response  Error:0"
"39544","","c4c04bf9500a41fa54e3986ae86c9901e9ec3aa4b31a79ac...","1474","40085","54321","498.142744","10.240.0.12","10.240.0.3","NBD","Write Request  Offset:0x1d0c5000 Length:131072"
"39547","","","82","54321","40085","498.142890","10.240.0.3","10.240.0.12","NBD","Write Response  Error:0"
"39684","","717898e3ee102daacf26844ac85dcf87e2a277a92d7d9a3d...","1474","40085","54321","498.157280","10.240.0.12","10.240.0.3","NBD","Write Request  Offset:0x1d0e5000 Length:131072"
"39686","","","82","54321","40085","498.157450","10.240.0.3","10.240.0.12","NBD","Write Response  Error:0"
"39825","","97f4fc29fb85da4747d1b669708a87ec94698fc2336dd49f...","1474","40085","54321","498.171912","10.240.0.12","10.240.0.3","NBD","Write Request  Offset:0x1d105000 Length:131072"
"39826","","","82","54321","40085","498.172056","10.240.0.3","10.240.0.12","NBD","Write Response  Error:0"
"39965","","6f9e78fea10247ed79530491dfbfb77a130fc9119f3bed85...","1474","40085","54321","498.186563","10.240.0.12","10.240.0.3","NBD","Write Request  Offset:0x1d125000 Length:131072"
"39966","","","82","54321","40085","498.186697","10.240.0.3","10.240.0.12","NBD","Write Response  Error:0"
"40105","","d67c3736ee3fc6448d5f3bbef7cfc0b1c9d9a70db73ec135...","1474","40085","54321","498.201154","10.240.0.12","10.240.0.3","NBD","Write Request  Offset:0x1d145000 Length:131072"
"40106","","","82","54321","40085","498.201296","10.240.0.3","10.240.0.12","NBD","Write Response  Error:0"
"40245","","f610fc31722a438ea2ee5c74e61367102972ab5eeb0a0fc1...","1474","40085","54321","498.215778","10.240.0.12","10.240.0.3","NBD","Write Request  Offset:0x1d165000 Length:131072"
"40247","","","82","54321","40085","498.215933","10.240.0.3","10.240.0.12","NBD","Write Response  Error:0"
"76196","","674466980000000010e08cbb0088ffff6744669800000000...","82","54321","40085","501.979235","10.240.0.3","10.240.0.12","NBD","Read Response  Error:0"
"76336","","","82","54321","40085","501.993842","10.240.0.3","10.240.0.12","NBD","Read Response  Error:0"
"76477","","","82","54321","40085","502.008477","10.240.0.3","10.240.0.12","NBD","Read Response  Error:0"
"76615","","","82","54321","40085","502.023096","10.240.0.3","10.240.0.12","NBD","Read Response  Error:0"
"76761","","","82","54321","40085","502.038297","10.240.0.3","10.240.0.12","NBD","Read Response  Error:0"
"76897","","","82","54321","40085","502.052550","10.240.0.3","10.240.0.12","NBD","Read Response  Error:0"
"77036","","","82","54321","40085","502.067242","10.240.0.3","10.240.0.12","NBD","Read Response  Error:0"
"77175","","","82","54321","40085","502.081748","10.240.0.3","10.240.0.12","NBD","Read Response  Error:0"
"77314","","","82","54321","40085","502.096362","10.240.0.3","10.240.0.12","NBD","Read Response  Error:0"
"77460","","","82","54321","40085","502.111581","10.240.0.3","10.240.0.12","NBD","Read Response  Error:0"
"77590","","","82","54321","40085","502.125589","10.240.0.3","10.240.0.12","NBD","Read Response  Error:0"
"77728","","","82","54321","40085","502.140233","10.240.0.3","10.240.0.12","NBD","Read Response  Error:0"
"77868","","","82","54321","40085","502.154787","10.240.0.3","10.240.0.12","NBD","Read Response  Error:0"
"78008","","","82","54321","40085","502.169460","10.240.0.3","10.240.0.12","NBD","Read Response  Error:0"
"78149","","","82","54321","40085","502.184227","10.240.0.3","10.240.0.12","NBD","Read Response  Error:0"
"78290","","","82","54321","40085","502.198868","10.240.0.3","10.240.0.12","NBD","Read Response  Error:0"
"78433","","","82","54321","40085","502.214194","10.240.0.3","10.240.0.12","NBD","Read Response  Error:0"
"78569","","","82","54321","40085","502.228352","10.240.0.3","10.240.0.12","NBD","Read Response  Error:0"
"78705","","","82","54321","40085","502.242788","10.240.0.3","10.240.0.12","NBD","Read Response  Error:0"
"78847","","","82","54321","40085","502.257470","10.240.0.3","10.240.0.12","NBD","Read Response  Error:0"
"78987","","","82","54321","40085","502.272151","10.240.0.3","10.240.0.12","NBD","Read Response  Error:0"
"79126","","","82","54321","40085","502.286733","10.240.0.3","10.240.0.12","NBD","Read Response  Error:0"
"79266","","","82","54321","40085","502.301396","10.240.0.3","10.240.0.12","NBD","Read Response  Error:0"
"79412","","","82","54321","40085","502.316790","10.240.0.3","10.240.0.12","NBD","Read Response  Error:0"
"79546","","","82","54321","40085","502.330854","10.240.0.3","10.240.0.12","NBD","Read Response  Error:0"
"79686","","","82","54321","40085","502.345465","10.240.0.3","10.240.0.12","NBD","Read Response  Error:0"
"79825","","","82","54321","40085","502.360348","10.240.0.3","10.240.0.12","NBD","Read Response  Error:0"
"79964","","","82","54321","40085","502.374791","10.240.0.3","10.240.0.12","NBD","Read Response  Error:0"
"80110","","","82","54321","40085","502.389937","10.240.0.3","10.240.0.12","NBD","Read Response  Error:0"
"80245","","","82","54321","40085","502.404048","10.240.0.3","10.240.0.12","NBD","Read Response  Error:0"
"80379","","","82","54321","40085","502.418578","10.240.0.3","10.240.0.12","NBD","Read Response  Error:0"
"80518","","","82","54321","40085","502.433196","10.240.0.3","10.240.0.12","NBD","Read Response  Error:0"
"80657","","","82","54321","40085","502.447951","10.240.0.3","10.240.0.12","NBD","Read Response  Error:0"
"80796","","","82","54321","40085","502.462579","10.240.0.3","10.240.0.12","NBD","Read Response  Error:0"
"80936","","","82","54321","40085","502.477191","10.240.0.3","10.240.0.12","NBD","Read Response  Error:0"
"81075","","","82","54321","40085","502.491799","10.240.0.3","10.240.0.12","NBD","Read Response  Error:0"
"81215","","","82","54321","40085","502.506385","10.240.0.3","10.240.0.12","NBD","Read Response  Error:0"
"81355","","","82","54321","40085","502.521039","10.240.0.3","10.240.0.12","NBD","Read Response  Error:0"
"81497","","","82","54321","40085","502.535721","10.240.0.3","10.240.0.12","NBD","Read Response  Error:0"
"81642","","","82","54321","40085","502.550926","10.240.0.3","10.240.0.12","NBD","Read Response  Error:0"
"81777","","","82","54321","40085","502.565043","10.240.0.3","10.240.0.12","NBD","Read Response  Error:0"
"81917","","","82","54321","40085","502.579673","10.240.0.3","10.240.0.12","NBD","Read Response  Error:0"
"82057","","","82","54321","40085","502.594295","10.240.0.3","10.240.0.12","NBD","Read Response  Error:0"
"82197","","","82","54321","40085","502.608919","10.240.0.3","10.240.0.12","NBD","Read Response  Error:0"
"82337","","","82","54321","40085","502.623554","10.240.0.3","10.240.0.12","NBD","Read Response  Error:0"
"82479","","","82","54321","40085","502.638343","10.240.0.3","10.240.0.12","NBD","Read Response  Error:0"
"82618","","","82","54321","40085","502.652857","10.240.0.3","10.240.0.12","NBD","Read Response  Error:0"
"82800","","","82","54321","40085","502.673332","10.240.0.3","10.240.0.12","NBD","Read Response  Error:0"
"82884","","","82","54321","40085","502.682060","10.240.0.3","10.240.0.12","NBD","Read Response  Error:0"
"83023","","","82","54321","40085","502.696678","10.240.0.3","10.240.0.12","NBD","Read Response  Error:0"
"83162","","","82","54321","40085","502.711459","10.240.0.3","10.240.0.12","NBD","Read Response  Error:0"
"83302","","","82","54321","40085","502.726052","10.240.0.3","10.240.0.12","NBD","Read Response  Error:0"
"83441","","","82","54321","40085","502.740696","10.240.0.3","10.240.0.12","NBD","Read Response  Error:0"
"83581","","","82","54321","40085","502.755316","10.240.0.3","10.240.0.12","NBD","Read Response  Error:0"
"83723","","","82","54321","40085","502.770263","10.240.0.3","10.240.0.12","NBD","Read Response  Error:0"
"83868","","","82","54321","40085","502.785267","10.240.0.3","10.240.0.12","NBD","Read Response  Error:0"
"84001","","","82","54321","40085","502.799230","10.240.0.3","10.240.0.12","NBD","Read Response  Error:0"
"84139","","","82","54321","40085","502.813818","10.240.0.3","10.240.0.12","NBD","Read Response  Error:0"
"84280","","","82","54321","40085","502.828516","10.240.0.3","10.240.0.12","NBD","Read Response  Error:0"
"84419","","","82","54321","40085","502.843241","10.240.0.3","10.240.0.12","NBD","Read Response  Error:0"
"84559","","","82","54321","40085","502.857830","10.240.0.3","10.240.0.12","NBD","Read Response  Error:0"
"84699","","","82","54321","40085","502.872466","10.240.0.3","10.240.0.12","NBD","Read Response  Error:0"
"84838","","","82","54321","40085","502.887125","10.240.0.3","10.240.0.12","NBD","Read Response  Error:0"
"84978","","","82","54321","40085","502.901730","10.240.0.3","10.240.0.12","NBD","Read Response  Error:0"
"85118","","","82","54321","40085","502.916359","10.240.0.3","10.240.0.12","NBD","Read Response  Error:0"
"85258","","","82","54321","40085","502.931142","10.240.0.3","10.240.0.12","NBD","Read Response  Error:0"
"85397","","","82","54321","40085","502.945695","10.240.0.3","10.240.0.12","NBD","Read Response  Error:0"
"85534","","","82","54321","40085","502.960157","10.240.0.3","10.240.0.12","NBD","Read Response  Error:0"
"85677","","","82","54321","40085","502.975025","10.240.0.3","10.240.0.12","NBD","Read Response  Error:0"
"85817","","","82","54321","40085","502.989569","10.240.0.3","10.240.0.12","NBD","Read Response  Error:0"
"85955","","","82","54321","40085","503.004193","10.240.0.3","10.240.0.12","NBD","Read Response  Error:0"
"86103","","","82","54321","40085","503.019493","10.240.0.3","10.240.0.12","NBD","Read Response  Error:0"
"86234","","","82","54321","40085","503.033432","10.240.0.3","10.240.0.12","NBD","Read Response  Error:0"
"86373","","","82","54321","40085","503.048096","10.240.0.3","10.240.0.12","NBD","Write Response  Error:0"
"86510","","","82","54321","40085","503.062659","10.240.0.3","10.240.0.12","NBD","Read Response  Error:0"
"86650","","","82","54321","40085","503.077398","10.240.0.3","10.240.0.12","NBD","Read Response  Error:0"
"86789","","","82","54321","40085","503.092009","10.240.0.3","10.240.0.12","NBD","Read Response  Error:0"
"86928","","","82","54321","40085","503.106718","10.240.0.3","10.240.0.12","NBD","Read Response  Error:0"
"87067","","","82","54321","40085","503.121309","10.240.0.3","10.240.0.12","NBD","Read Response  Error:0"
"87207","","","82","54321","40085","503.135905","10.240.0.3","10.240.0.12","NBD","Read Response  Error:0"
"87347","","","82","54321","40085","503.150581","10.240.0.3","10.240.0.12","NBD","Read Response  Error:0"
"87487","","","82","54321","40085","503.165179","10.240.0.3","10.240.0.12","NBD","Read Response  Error:0"
"87627","","","82","54321","40085","503.179797","10.240.0.3","10.240.0.12","NBD","Read Response  Error:0"
"87767","","","82","54321","40085","503.194439","10.240.0.3","10.240.0.12","NBD","Read Response  Error:0"
"87907","","","82","54321","40085","503.209039","10.240.0.3","10.240.0.12","NBD","Read Response  Error:0"
"88049","","","82","54321","40085","503.223846","10.240.0.3","10.240.0.12","NBD","Read Response  Error:0"
"88188","","","82","54321","40085","503.238273","10.240.0.3","10.240.0.12","NBD","Write Response  Error:0"
"88328","","15578e9763b42b558bae6b39a70abe0267c257c00eef3aee...","1474","40085","54321","503.252931","10.240.0.12","10.240.0.3","NBD","Write Request  Offset:0x1fc65000 Length:131072"
"88334","","","82","54321","40085","503.253722","10.240.0.3","10.240.0.12","NBD","Write Response  Error:0"
"88467","","752a78b6ea259b1697ba29f703f02ab10b7ea00d60b791ce...","1474","40085","54321","503.267599","10.240.0.12","10.240.0.3","NBD","Write Request  Offset:0x1fc85000 Length:131072"
"88469","","","82","54321","40085","503.267735","10.240.0.3","10.240.0.12","NBD","Write Response  Error:0"
"88606","","38bf3f102d40f0d76141e31d6f73017aa6ccb1ecfdf987ac...","1474","40085","54321","503.282318","10.240.0.12","10.240.0.3","NBD","Write Request  Offset:0x1fca5000 Length:131072"
"88608","","","82","54321","40085","503.282464","10.240.0.3","10.240.0.12","NBD","Write Response  Error:0"
"88747","","1bb4eb7aac77d1a2858b8e4da3ba989f2fb13a18f347a053...","1474","40085","54321","503.296795","10.240.0.12","10.240.0.3","NBD","Write Request  Offset:0x1fcc5000 Length:131072"
"88754","","","82","54321","40085","503.297509","10.240.0.3","10.240.0.12","NBD","Write Response  Error:0"
"88886","","5ec89daa58a604f482201e280753407603e55c29d021bd16...","1474","40085","54321","503.311507","10.240.0.12","10.240.0.3","NBD","Write Request  Offset:0x1fce5000 Length:131072"
"88889","","","82","54321","40085","503.311668","10.240.0.3","10.240.0.12","NBD","Write Response  Error:0"
"89026","","7e6a89c9762ae36ef73b5bec20cbafcae07f26f9cff3d92b...","1474","40085","54321","503.326173","10.240.0.12","10.240.0.3","NBD","Write Request  Offset:0x1fd05000 Length:131072"
"89029","","","82","54321","40085","503.326320","10.240.0.3","10.240.0.12","NBD","Write Response  Error:0"
"89165","","e8ccf35fbc5b5a778c3ff076fbc7ffba2fe893f6ffc303ce...","1474","40085","54321","503.340652","10.240.0.12","10.240.0.3","NBD","Write Request  Offset:0x1fd25000 Length:131072"
"89167","","","82","54321","40085","503.340798","10.240.0.3","10.240.0.12","NBD","Write Response  Error:0"
"89306","","3d7df16866862f3e21b3e1277a110d4b45a47502aa9b90e9...","1474","40085","54321","503.355272","10.240.0.12","10.240.0.3","NBD","Write Request  Offset:0x1fd45000 Length:131072"
"89307","","","82","54321","40085","503.355392","10.240.0.3","10.240.0.12","NBD","Write Response  Error:0"
"89446","","8974d8024f6ec4086d2d4642ac55a6686188e7cac24beb55...","1474","40085","54321","503.369893","10.240.0.12","10.240.0.3","NBD","Write Request  Offset:0x1fd65000 Length:131072"
"89447","","","82","54321","40085","503.370012","10.240.0.3","10.240.0.12","NBD","Write Response  Error:0"
"89589","","","82","54321","40085","503.384884","10.240.0.3","10.240.0.12","NBD","Read Response  Error:0"
"89726","","","82","54321","40085","503.399467","10.240.0.3","10.240.0.12","NBD","Read Response  Error:0"
"89867","","","82","54321","40085","503.414327","10.240.0.3","10.240.0.12","NBD","Read Response  Error:0"
"90007","","","82","54321","40085","503.428739","10.240.0.3","10.240.0.12","NBD","Read Response  Error:0"
"90147","","","82","54321","40085","503.443295","10.240.0.3","10.240.0.12","NBD","Read Response  Error:0"
"90287","","","82","54321","40085","503.458430","10.240.0.3","10.240.0.12","NBD","Read Response  Error:0"
"90427","","","82","54321","40085","503.472798","10.240.0.3","10.240.0.12","NBD","Read Response  Error:0"
"90573","","","82","54321","40085","503.487934","10.240.0.3","10.240.0.12","NBD","Read Response  Error:0"
"90704","","","82","54321","40085","503.501917","10.240.0.3","10.240.0.12","NBD","Read Response  Error:0"
"90844","","","82","54321","40085","503.516504","10.240.0.3","10.240.0.12","NBD","Read Response  Error:0"
"90983","","","82","54321","40085","503.531102","10.240.0.3","10.240.0.12","NBD","Read Response  Error:0"
"91125","","","82","54321","40085","503.545832","10.240.0.3","10.240.0.12","NBD","Read Response  Error:0"
"91265","","","82","54321","40085","503.560471","10.240.0.3","10.240.0.12","NBD","Read Response  Error:0"
"91404","","","82","54321","40085","503.575023","10.240.0.3","10.240.0.12","NBD","Read Response  Error:0"
"91547","","","82","54321","40085","503.589816","10.240.0.3","10.240.0.12","NBD","Read Response  Error:0"
"91686","","","82","54321","40085","503.604444","10.240.0.3","10.240.0.12","NBD","Read Response  Error:0"
"91825","","","82","54321","40085","503.619032","10.240.0.3","10.240.0.12","NBD","Read Response  Error:0"
"91961","","","82","54321","40085","503.633639","10.240.0.3","10.240.0.12","NBD","Read Response  Error:0"
"92101","","","82","54321","40085","503.648239","10.240.0.3","10.240.0.12","NBD","Read Response  Error:0"
"92241","","","82","54321","40085","503.663038","10.240.0.3","10.240.0.12","NBD","Read Response  Error:0"
"92381","","","82","54321","40085","503.677544","10.240.0.3","10.240.0.12","NBD","Read Response  Error:0"
"92520","","","82","54321","40085","503.692136","10.240.0.3","10.240.0.12","NBD","Read Response  Error:0"
"92660","","","82","54321","40085","503.706762","10.240.0.3","10.240.0.12","NBD","Read Response  Error:0"
"92809","","","82","54321","40085","503.722242","10.240.0.3","10.240.0.12","NBD","Read Response  Error:0"
"92939","","","82","54321","40085","503.736152","10.240.0.3","10.240.0.12","NBD","Read Response  Error:0"
"93078","","","82","54321","40085","503.750661","10.240.0.3","10.240.0.12","NBD","Write Response  Error:0"
"93218","","86f654d53bf68a767ce0d1b1d728beb0435cf905d550fc5a...","1474","40085","54321","503.765377","10.240.0.12","10.240.0.3","NBD","Write Request  Offset:0x200c5000 Length:131072"
"93221","","","82","54321","40085","503.765529","10.240.0.3","10.240.0.12","NBD","Write Response  Error:0"
"93358","","83a690a450727dd83cb9924b922a05ef443f6e1a11932fc1...","1474","40085","54321","503.779946","10.240.0.12","10.240.0.3","NBD","Write Request  Offset:0x200e5000 Length:131072"
"93360","","","82","54321","40085","503.780102","10.240.0.3","10.240.0.12","NBD","Write Response  Error:0"
"93497","","6e414672194d8836374cdd08179ecec3d58cda5c9c5b71cb...","1474","40085","54321","503.794549","10.240.0.12","10.240.0.3","NBD","Write Request  Offset:0x20105000 Length:131072"
"93499","","","82","54321","40085","503.794685","10.240.0.3","10.240.0.12","NBD","Write Response  Error:0"
"93638","","172bb99da23c5fc5d647c3eccb71affd41e5b956bca160d9...","1474","40085","54321","503.809175","10.240.0.12","10.240.0.3","NBD","Write Request  Offset:0x20125000 Length:131072"
"93640","","","82","54321","40085","503.809339","10.240.0.3","10.240.0.12","NBD","Write Response  Error:0"
"93775","","593db4dac291a8e818cdfa5d2367f55e9bbd99329a9d3146...","1474","40085","54321","503.823813","10.240.0.12","10.240.0.3","NBD","Write Request  Offset:0x20145000 Length:131072"
"93777","","","82","54321","40085","503.823969","10.240.0.3","10.240.0.12","NBD","Write Response  Error:0"
"93916","","fb1cfab37f961b8ec566fb66c790cddc2c831e19a3b0c0c0...","1474","40085","54321","503.838441","10.240.0.12","10.240.0.3","NBD","Write Request  Offset:0x20165000 Length:131072"
"93917","","","82","54321","40085","503.838564","10.240.0.3","10.240.0.12","NBD","Write Response  Error:0"
"94054","","ef31d29777c8a44f15d2d38cd4a690762aa4fb1969bd427a...","1474","40085","54321","503.853064","10.240.0.12","10.240.0.3","NBD","Write Request  Offset:0x20185000 Length:131072"
"94057","","","82","54321","40085","503.853237","10.240.0.3","10.240.0.12","NBD","Write Response  Error:0"
"94195","","d7c02e02bb8db0db0ebb5ad85d809d691deb86c06e02ecee...","1474","40085","54321","503.867676","10.240.0.12","10.240.0.3","NBD","Write Request  Offset:0x201a5000 Length:131072"
"94196","","","82","54321","40085","503.867811","10.240.0.3","10.240.0.12","NBD","Write Response  Error:0"
"94335","","775d21b604fd55b714fdd3bc14fdc3216cb5ef18e6f427f3...","1474","40085","54321","503.882613","10.240.0.12","10.240.0.3","NBD","Write Request  Offset:0x201c5000 Length:131072"
"94336","","","82","54321","40085","503.882770","10.240.0.3","10.240.0.12","NBD","Write Response  Error:0"
"94478","","","82","54321","40085","503.897186","10.240.0.3","10.240.0.12","NBD","Write Response  Error:0"
"94615","","","82","54321","40085","503.911894","10.240.0.3","10.240.0.12","NBD","Write Response  Error:0"
"94755","","","82","54321","40085","503.926569","10.240.0.3","10.240.0.12","NBD","Write Response  Error:0"
"94893","","","82","54321","40085","503.941121","10.240.0.3","10.240.0.12","NBD","Write Response  Error:0"
"95038","","","82","54321","40085","503.956409","10.240.0.3","10.240.0.12","NBD","Write Response  Error:0"
"95172","","","82","54321","40085","503.970317","10.240.0.3","10.240.0.12","NBD","Write Response  Error:0"
"95311","","","82","54321","40085","503.984911","10.240.0.3","10.240.0.12","NBD","Write Response  Error:0"
"95448","","","82","54321","40085","503.999546","10.240.0.3","10.240.0.12","NBD","Write Response  Error:0"
"95583","","","82","54321","40085","504.014186","10.240.0.3","10.240.0.12","NBD","Write Response  Error:0"
"95724","","","82","54321","40085","504.028946","10.240.0.3","10.240.0.12","NBD","Write Response  Error:0"
"95864","","","82","54321","40085","504.043592","10.240.0.3","10.240.0.12","NBD","Write Response  Error:0"
"96004","","","82","54321","40085","504.058189","10.240.0.3","10.240.0.12","NBD","Write Response  Error:0"
"96144","","","82","54321","40085","504.072842","10.240.0.3","10.240.0.12","NBD","Write Response  Error:0"
"96284","","","82","54321","40085","504.087454","10.240.0.3","10.240.0.12","NBD","Write Response  Error:0"
"96320","","","1374","40085","54321","504.091335","10.240.0.12","10.240.0.3","NBD",""
"96325","","","1374","40085","54321","525.183887","10.240.0.12","10.240.0.3","NBD",""
"96398","","","1474","40085","54321","544.323998","10.240.0.12","10.240.0.3","NBD",""
"96487","","","1474","40085","54321","544.333118","10.240.0.12","10.240.0.3","NBD",""
"96505","","","1474","40085","54321","544.335015","10.240.0.12","10.240.0.3","NBD",""
"96524","","","1474","40085","54321","544.336892","10.240.0.12","10.240.0.3","NBD",""
"96542","","","1474","40085","54321","544.338621","10.240.0.12","10.240.0.3","NBD",""
"96595","","","1474","40085","54321","544.344145","10.240.0.12","10.240.0.3","NBD",""
"96682","","","1474","40085","54321","544.353257","10.240.0.12","10.240.0.3","NBD",""
"96701","","","1474","40085","54321","544.355137","10.240.0.12","10.240.0.3","NBD",""
"96720","","","1474","40085","54321","544.357027","10.240.0.12","10.240.0.3","NBD",""
"96738","","","1474","40085","54321","544.358758","10.240.0.12","10.240.0.3","NBD",""
"96792","","","1474","40085","54321","544.364254","10.240.0.12","10.240.0.3","NBD",""
"96863","","","530","40085","54321","544.371537","10.240.0.12","10.240.0.3","NBD",""
"96869","","","1374","40085","54321","544.372304","10.240.0.12","10.240.0.3","NBD",""
"96874","","","1374","40085","54321","544.372869","10.240.0.12","10.240.0.3","NBD",""
"96893","","","1474","40085","54321","551.039752","10.240.0.12","10.240.0.3","NBD",""
"96912","","","1474","40085","54321","551.041190","10.240.0.12","10.240.0.3","NBD",""
"96965","","","1474","40085","54321","551.046587","10.240.0.12","10.240.0.3","NBD",""
"96983","","","1474","40085","54321","551.048324","10.240.0.12","10.240.0.3","NBD",""
"97001","","","1474","40085","54321","551.050200","10.240.0.12","10.240.0.3","NBD",""
"97055","","","1474","40085","54321","551.055700","10.240.0.12","10.240.0.3","NBD",""
"97127","","","1474","40085","54321","551.063101","10.240.0.12","10.240.0.3","NBD",""
"97196","","","930","40085","54321","551.070247","10.240.0.12","10.240.0.3","NBD",""
"97203","","","1374","40085","54321","551.071234","10.240.0.12","10.240.0.3","NBD",""
"97208","","","1374","40085","54321","551.071906","10.240.0.12","10.240.0.3","NBD",""
"97358","","","1474","40085","54321","564.795383","10.240.0.12","10.240.0.3","NBD",""
"97412","","","1474","40085","54321","564.800888","10.240.0.12","10.240.0.3","NBD",""
"97463","","","1430","40085","54321","564.806209","10.240.0.12","10.240.0.3","NBD",""
"97469","","","1374","40085","54321","564.807130","10.240.0.12","10.240.0.3","NBD",""
"97473","","","1374","40085","54321","568.130181","10.240.0.12","10.240.0.3","NBD",""
"97477","","","94","40085","54321","568.130628","10.240.0.12","10.240.0.3","NBD",""
